ID,Pred
2019_1101_1113,0.12669453205662695
2019_1101_1120,0.027958938540852633
2019_1101_1124,0.08932983099336808
2019_1101_1125,0.18981665297705266
2019_1101_1133,0.64
2019_1101_1138,0.045160860388134966
2019_1101_1153,0.05482339991873336
2019_1101_1159,0.64
2019_1101_1181,0.006900584735138065
2019_1101_1192,0.64
2019_1101_1196,0.07447348278316437
2019_1101_1199,0.023891856629586573
2019_1101_1205,0.64
2019_1101_1209,0.64
2019_1101_1211,0.007352438780763338
2019_1101_1222,0.0270064083123802
2019_1101_1233,0.64
2019_1101_1234,0.0905122933238893
2019_1101_1235,0.040265982783038334
2019_1101_1242,0.03774457695644323
2019_1101_1243,0.033206871003907415
2019_1101_1246,0.013422896160679907
2019_1101_1251,0.1494375018641626
2019_1101_1257,0.04754606964490359
2019_1101_1261,0.050517110022903836
2019_1101_1266,0.04199535165308562
2019_1101_1268,0.04495722623163066
2019_1101_1276,0.013424376617576108
2019_1101_1277,0.01223201928032602
2019_1101_1278,0.08949081888367927
2019_1101_1279,0.1039171888222605
2019_1101_1280,0.048692544986987184
2019_1101_1285,0.64
2019_1101_1293,0.13761132459788245
2019_1101_1295,0.64
2019_1101_1297,0.64
2019_1101_1300,0.8578115123038803
2019_1101_1305,0.05495363170111076
2019_1101_1308,0.1539281410636601
2019_1101_1314,0.01600070587850605
2019_1101_1318,0.64
2019_1101_1326,0.10451351902705393
2019_1101_1328,0.08861823483581505
2019_1101_1330,0.1628450004008732
2019_1101_1332,0.08763989409853422
2019_1101_1341,0.64
2019_1101_1345,0.031308061832977824
2019_1101_1371,0.11386204552584285
2019_1101_1385,0.1462398656887689
2019_1101_1387,0.2234192429310111
2019_1101_1388,0.0904332882133355
2019_1101_1393,0.0905542662166247
2019_1101_1396,0.15625566999227908
2019_1101_1397,0.015760591422512
2019_1101_1403,0.01764977227502149
2019_1101_1414,0.18043118486900134
2019_1101_1416,0.07763055215583023
2019_1101_1429,0.06988979851939855
2019_1101_1433,0.07619962897686089
2019_1101_1436,0.19218224700830355
2019_1101_1437,0.06036653429771208
2019_1101_1438,0.004942866905019063
2019_1101_1439,0.028398231202916367
2019_1101_1449,0.09602515467708586
2019_1101_1458,0.03253093805230471
2019_1101_1459,0.07030843589983223
2019_1101_1463,0.64
2019_1113_1120,0.21615557287861706
2019_1113_1124,0.64
2019_1113_1125,0.64
2019_1113_1133,0.8858669790238827
2019_1113_1138,0.64
2019_1113_1153,0.64
2019_1113_1159,0.8236153445193741
2019_1113_1181,0.07145291839333741
2019_1113_1192,0.9359295852297248
2019_1113_1196,0.64
2019_1113_1199,0.64
2019_1113_1205,0.9004667662108066
2019_1113_1209,0.64
2019_1113_1211,0.06064800621429126
2019_1113_1222,0.64
2019_1113_1233,0.9334236550989224
2019_1113_1234,0.64
2019_1113_1235,0.64
2019_1113_1242,0.64
2019_1113_1243,0.64
2019_1113_1246,0.1565703969605668
2019_1113_1251,0.64
2019_1113_1257,0.64
2019_1113_1261,0.2267900763795047
2019_1113_1266,0.64
2019_1113_1268,0.64
2019_1113_1276,0.17351093360525408
2019_1113_1277,0.13797364195486586
2019_1113_1278,0.64
2019_1113_1279,0.64
2019_1113_1280,0.64
2019_1113_1285,0.8211149043904855
2019_1113_1293,0.64
2019_1113_1295,0.925130617706613
2019_1113_1297,0.64
2019_1113_1300,0.9794789690011556
2019_1113_1305,0.64
2019_1113_1308,0.64
2019_1113_1314,0.08173897780172623
2019_1113_1318,0.64
2019_1113_1326,0.64
2019_1113_1328,0.64
2019_1113_1330,0.7714168038242168
2019_1113_1332,0.64
2019_1113_1341,0.944016234465968
2019_1113_1345,0.19557314894143124
2019_1113_1371,0.64
2019_1113_1385,0.64
2019_1113_1387,0.64
2019_1113_1388,0.64
2019_1113_1393,0.64
2019_1113_1396,0.64
2019_1113_1397,0.13238040908161453
2019_1113_1403,0.202163985505426
2019_1113_1414,0.64
2019_1113_1416,0.64
2019_1113_1429,0.64
2019_1113_1433,0.64
2019_1113_1436,0.64
2019_1113_1437,0.64
2019_1113_1438,0.07857806362464348
2019_1113_1439,0.20404257631241854
2019_1113_1449,0.64
2019_1113_1458,0.64
2019_1113_1459,0.64
2019_1113_1463,0.64
2019_1120_1124,0.7829242828448708
2019_1120_1125,0.8247683669965107
2019_1120_1133,0.9645728578106144
2019_1120_1138,0.64
2019_1120_1153,0.64
2019_1120_1159,0.953802662793892
2019_1120_1181,0.21115006083154927
2019_1120_1192,0.9830043476056612
2019_1120_1196,0.64
2019_1120_1199,0.64
2019_1120_1205,0.972026961134158
2019_1120_1209,0.9197449278760506
2019_1120_1211,0.22645208882566115
2019_1120_1222,0.64
2019_1120_1233,0.9798000389568712
2019_1120_1234,0.64
2019_1120_1235,0.64
2019_1120_1242,0.64
2019_1120_1243,0.64
2019_1120_1246,0.64
2019_1120_1251,0.9081707301315224
2019_1120_1257,0.64
2019_1120_1261,0.64
2019_1120_1266,0.64
2019_1120_1268,0.64
2019_1120_1276,0.64
2019_1120_1277,0.64
2019_1120_1278,0.64
2019_1120_1279,0.64
2019_1120_1280,0.64
2019_1120_1285,0.9523045329002056
2019_1120_1293,0.8335324677105642
2019_1120_1295,0.9780269516029167
2019_1120_1297,0.9247405193282574
2019_1120_1300,0.9949171689231048
2019_1120_1305,0.64
2019_1120_1308,0.8640484544854832
2019_1120_1314,0.64
2019_1120_1318,0.9203312389240002
2019_1120_1326,0.7780573136957261
2019_1120_1328,0.64
2019_1120_1330,0.9239622165295738
2019_1120_1332,0.8300244591326632
2019_1120_1341,0.98232205486846
2019_1120_1345,0.64
2019_1120_1371,0.7704604106856591
2019_1120_1385,0.7972874793848765
2019_1120_1387,0.9215493431841872
2019_1120_1388,0.802691327067111
2019_1120_1393,0.64
2019_1120_1396,0.8322884385597036
2019_1120_1397,0.64
2019_1120_1403,0.64
2019_1120_1414,0.9042324770445178
2019_1120_1416,0.7860987786624316
2019_1120_1429,0.64
2019_1120_1433,0.8127990362046682
2019_1120_1436,0.9168485800848498
2019_1120_1437,0.64
2019_1120_1438,0.64
2019_1120_1439,0.64
2019_1120_1449,0.8122233217364585
2019_1120_1458,0.64
2019_1120_1459,0.64
2019_1120_1463,0.8926366298177019
2019_1124_1125,0.64
2019_1124_1133,0.8793831918510608
2019_1124_1138,0.64
2019_1124_1153,0.64
2019_1124_1159,0.8628152058237555
2019_1124_1181,0.068772982574416
2019_1124_1192,0.9397008477034432
2019_1124_1196,0.64
2019_1124_1199,0.22755051663913065
2019_1124_1205,0.9101805884063842
2019_1124_1209,0.64
2019_1124_1211,0.07586384762805562
2019_1124_1222,0.64
2019_1124_1233,0.9355191323992637
2019_1124_1234,0.64
2019_1124_1235,0.64
2019_1124_1242,0.64
2019_1124_1243,0.64
2019_1124_1246,0.1450882320839268
2019_1124_1251,0.64
2019_1124_1257,0.64
2019_1124_1261,0.64
2019_1124_1266,0.64
2019_1124_1268,0.64
2019_1124_1276,0.2065182797204964
2019_1124_1277,0.12820843825256956
2019_1124_1278,0.64
2019_1124_1279,0.64
2019_1124_1280,0.64
2019_1124_1285,0.8462594399564654
2019_1124_1293,0.64
2019_1124_1295,0.9253882219201464
2019_1124_1297,0.777232804999176
2019_1124_1300,0.9828794884617658
2019_1124_1305,0.64
2019_1124_1308,0.64
2019_1124_1314,0.09290035068456808
2019_1124_1318,0.7802615808840161
2019_1124_1326,0.64
2019_1124_1328,0.64
2019_1124_1330,0.64
2019_1124_1332,0.64
2019_1124_1341,0.9407807367659924
2019_1124_1345,0.64
2019_1124_1371,0.64
2019_1124_1385,0.64
2019_1124_1387,0.7825492168314588
2019_1124_1388,0.64
2019_1124_1393,0.64
2019_1124_1396,0.64
2019_1124_1397,0.1323457112507914
2019_1124_1403,0.64
2019_1124_1414,0.64
2019_1124_1416,0.64
2019_1124_1429,0.64
2019_1124_1433,0.64
2019_1124_1436,0.64
2019_1124_1437,0.64
2019_1124_1438,0.10674978630807908
2019_1124_1439,0.64
2019_1124_1449,0.64
2019_1124_1458,0.64
2019_1124_1459,0.64
2019_1124_1463,0.64
2019_1125_1133,0.8483730783356983
2019_1125_1138,0.64
2019_1125_1153,0.64
2019_1125_1159,0.7737334523926664
2019_1125_1181,0.0529699873714848
2019_1125_1192,0.9166217778185736
2019_1125_1196,0.64
2019_1125_1199,0.64
2019_1125_1205,0.8818037024516632
2019_1125_1209,0.64
2019_1125_1211,0.041410649305672134
2019_1125_1222,0.15172557706310802
2019_1125_1233,0.9183478214287216
2019_1125_1234,0.64
2019_1125_1235,0.2278857729170545
2019_1125_1242,0.1873557995904034
2019_1125_1243,0.64
2019_1125_1246,0.11336383972928613
2019_1125_1251,0.64
2019_1125_1257,0.1989828354622852
2019_1125_1261,0.18219121381461995
2019_1125_1266,0.64
2019_1125_1268,0.64
2019_1125_1276,0.10058787655053776
2019_1125_1277,0.09916124323022946
2019_1125_1278,0.64
2019_1125_1279,0.64
2019_1125_1280,0.64
2019_1125_1285,0.64
2019_1125_1293,0.64
2019_1125_1295,0.9019379974054756
2019_1125_1297,0.64
2019_1125_1300,0.9690851744124808
2019_1125_1305,0.22024979259670946
2019_1125_1308,0.64
2019_1125_1314,0.06468957443521459
2019_1125_1318,0.64
2019_1125_1326,0.64
2019_1125_1328,0.64
2019_1125_1330,0.64
2019_1125_1332,0.64
2019_1125_1341,0.931930981983709
2019_1125_1345,0.14023284859185495
2019_1125_1371,0.64
2019_1125_1385,0.64
2019_1125_1387,0.64
2019_1125_1388,0.64
2019_1125_1393,0.64
2019_1125_1396,0.64
2019_1125_1397,0.10393007477022548
2019_1125_1403,0.134211712024214
2019_1125_1414,0.64
2019_1125_1416,0.64
2019_1125_1429,0.64
2019_1125_1433,0.64
2019_1125_1436,0.64
2019_1125_1437,0.64
2019_1125_1438,0.040470611452219966
2019_1125_1439,0.13417373983581687
2019_1125_1449,0.64
2019_1125_1458,0.1662855258179749
2019_1125_1459,0.64
2019_1125_1463,0.64
2019_1133_1138,0.04727862648717018
2019_1133_1153,0.11939058090508152
2019_1133_1159,0.64
2019_1133_1181,0.00998822454693345
2019_1133_1192,0.64
2019_1133_1196,0.1396738493734295
2019_1133_1199,0.034896047441686666
2019_1133_1205,0.64
2019_1133_1209,0.64
2019_1133_1211,0.012421874359300837
2019_1133_1222,0.06781298591558854
2019_1133_1233,0.64
2019_1133_1234,0.06984653981205967
2019_1133_1235,0.05474997650454578
2019_1133_1242,0.039187364967834336
2019_1133_1243,0.10387625055182496
2019_1133_1246,0.02292941582742975
2019_1133_1251,0.64
2019_1133_1257,0.06121487667819664
2019_1133_1261,0.04044221696239128
2019_1133_1266,0.04991372207276207
2019_1133_1268,0.0747355216699036
2019_1133_1276,0.041788720476912664
2019_1133_1277,0.020362939581613858
2019_1133_1278,0.1083164525849032
2019_1133_1279,0.11256913045454764
2019_1133_1280,0.05136171572204876
2019_1133_1285,0.64
2019_1133_1293,0.16882515341670867
2019_1133_1295,0.64
2019_1133_1297,0.64
2019_1133_1300,0.8930384613735837
2019_1133_1305,0.0799081295574248
2019_1133_1308,0.64
2019_1133_1314,0.013359185595922795
2019_1133_1318,0.64
2019_1133_1326,0.1461814534083702
2019_1133_1328,0.11061672435389648
2019_1133_1330,0.64
2019_1133_1332,0.169055476364268
2019_1133_1341,0.64
2019_1133_1345,0.045425623797083
2019_1133_1371,0.11069775790821673
2019_1133_1385,0.11324049630016142
2019_1133_1387,0.64
2019_1133_1388,0.15642926698819182
2019_1133_1393,0.1322786902637839
2019_1133_1396,0.1575669984927783
2019_1133_1397,0.018864700717396883
2019_1133_1403,0.0514179699422553
2019_1133_1414,0.64
2019_1133_1416,0.13606376642189005
2019_1133_1429,0.10047566017828548
2019_1133_1433,0.16711369950693894
2019_1133_1436,0.64
2019_1133_1437,0.08661709215196667
2019_1133_1438,0.021939733353356417
2019_1133_1439,0.06512187007560005
2019_1133_1449,0.16275257579754615
2019_1133_1458,0.07776476282492821
2019_1133_1459,0.09700484812339558
2019_1133_1463,0.64
2019_1138_1153,0.64
2019_1138_1159,0.9224015770117996
2019_1138_1181,0.16600767565263946
2019_1138_1192,0.971027730395254
2019_1138_1196,0.64
2019_1138_1199,0.64
2019_1138_1205,0.9541543642948964
2019_1138_1209,0.8718892878418981
2019_1138_1211,0.16505216817957724
2019_1138_1222,0.64
2019_1138_1233,0.9661328823336668
2019_1138_1234,0.64
2019_1138_1235,0.64
2019_1138_1242,0.64
2019_1138_1243,0.64
2019_1138_1246,0.64
2019_1138_1251,0.8826508463685814
2019_1138_1257,0.64
2019_1138_1261,0.64
2019_1138_1266,0.64
2019_1138_1268,0.64
2019_1138_1276,0.64
2019_1138_1277,0.64
2019_1138_1278,0.64
2019_1138_1279,0.64
2019_1138_1280,0.64
2019_1138_1285,0.9231451400929006
2019_1138_1293,0.64
2019_1138_1295,0.9628016874768208
2019_1138_1297,0.8834250388393836
2019_1138_1300,0.9918890523388679
2019_1138_1305,0.64
2019_1138_1308,0.8111675150365826
2019_1138_1314,0.17512765233882516
2019_1138_1318,0.8675172901166142
2019_1138_1326,0.64
2019_1138_1328,0.64
2019_1138_1330,0.907943848015279
2019_1138_1332,0.7716192356068912
2019_1138_1341,0.9729317562224
2019_1138_1345,0.64
2019_1138_1371,0.64
2019_1138_1385,0.64
2019_1138_1387,0.8851942102610749
2019_1138_1388,0.64
2019_1138_1393,0.64
2019_1138_1396,0.64
2019_1138_1397,0.64
2019_1138_1403,0.64
2019_1138_1414,0.8694782017921547
2019_1138_1416,0.64
2019_1138_1429,0.64
2019_1138_1433,0.64
2019_1138_1436,0.8759666593388634
2019_1138_1437,0.64
2019_1138_1438,0.64
2019_1138_1439,0.64
2019_1138_1449,0.64
2019_1138_1458,0.64
2019_1138_1459,0.64
2019_1138_1463,0.8256411758224327
2019_1153_1159,0.9233343367081536
2019_1153_1181,0.08327158361945043
2019_1153_1192,0.9681749302886388
2019_1153_1196,0.64
2019_1153_1199,0.2263024364987151
2019_1153_1205,0.9524874148738884
2019_1153_1209,0.8663051651562748
2019_1153_1211,0.09680628528882723
2019_1153_1222,0.64
2019_1153_1233,0.967865512645407
2019_1153_1234,0.64
2019_1153_1235,0.64
2019_1153_1242,0.64
2019_1153_1243,0.64
2019_1153_1246,0.14610488805802668
2019_1153_1251,0.64
2019_1153_1257,0.64
2019_1153_1261,0.64
2019_1153_1266,0.64
2019_1153_1268,0.64
2019_1153_1276,0.19541805032553344
2019_1153_1277,0.13498026661536233
2019_1153_1278,0.64
2019_1153_1279,0.64
2019_1153_1280,0.64
2019_1153_1285,0.8999378136135019
2019_1153_1293,0.64
2019_1153_1295,0.9578747272476956
2019_1153_1297,0.8586194927196529
2019_1153_1300,0.9886108806450984
2019_1153_1305,0.64
2019_1153_1308,0.64
2019_1153_1314,0.1696845238019609
2019_1153_1318,0.8788890026240554
2019_1153_1326,0.64
2019_1153_1328,0.64
2019_1153_1330,0.64
2019_1153_1332,0.64
2019_1153_1341,0.9633678108979984
2019_1153_1345,0.64
2019_1153_1371,0.64
2019_1153_1385,0.64
2019_1153_1387,0.8258850046271411
2019_1153_1388,0.64
2019_1153_1393,0.64
2019_1153_1396,0.64
2019_1153_1397,0.17450611433641045
2019_1153_1403,0.64
2019_1153_1414,0.64
2019_1153_1416,0.64
2019_1153_1429,0.64
2019_1153_1433,0.64
2019_1153_1436,0.7854363491587304
2019_1153_1437,0.64
2019_1153_1438,0.09719709123918124
2019_1153_1439,0.64
2019_1153_1449,0.64
2019_1153_1458,0.64
2019_1153_1459,0.64
2019_1153_1463,0.8483937100089542
2019_1159_1181,0.012371810726925926
2019_1159_1192,0.64
2019_1159_1196,0.09526139011550627
2019_1159_1199,0.05256413443120704
2019_1159_1205,0.64
2019_1159_1209,0.64
2019_1159_1211,0.010863513200592605
2019_1159_1222,0.04293415574855808
2019_1159_1233,0.64
2019_1159_1234,0.1080804591765552
2019_1159_1235,0.06441593244237713
2019_1159_1242,0.05332095750225546
2019_1159_1243,0.06498921744728818
2019_1159_1246,0.0261622713660268
2019_1159_1251,0.64
2019_1159_1257,0.06358306940556388
2019_1159_1261,0.0625124591473322
2019_1159_1266,0.0735702575983908
2019_1159_1268,0.06709491654325364
2019_1159_1276,0.02473884380869128
2019_1159_1277,0.022844749630710332
2019_1159_1278,0.11939026472134764
2019_1159_1279,0.13745273054003304
2019_1159_1280,0.07402390105214808
2019_1159_1285,0.64
2019_1159_1293,0.17952515333710178
2019_1159_1295,0.64
2019_1159_1297,0.64
2019_1159_1300,0.8952064314990029
2019_1159_1305,0.07387924226819732
2019_1159_1308,0.18696403970788936
2019_1159_1314,0.020278174771602098
2019_1159_1318,0.64
2019_1159_1326,0.11189672756362752
2019_1159_1328,0.09863027000780453
2019_1159_1330,0.64
2019_1159_1332,0.14168269909186498
2019_1159_1341,0.7732269669108329
2019_1159_1345,0.0432436410770664
2019_1159_1371,0.1523391754022434
2019_1159_1385,0.1886384878881227
2019_1159_1387,0.64
2019_1159_1388,0.13253935185282734
2019_1159_1393,0.09494133833544263
2019_1159_1396,0.20443239286168255
2019_1159_1397,0.0261444845091317
2019_1159_1403,0.03115325361687085
2019_1159_1414,0.64
2019_1159_1416,0.1257826725417345
2019_1159_1429,0.12191503599824426
2019_1159_1433,0.11996810322944446
2019_1159_1436,0.64
2019_1159_1437,0.08347971394880221
2019_1159_1438,0.009167910079359978
2019_1159_1439,0.04005213313355332
2019_1159_1449,0.12953640656529686
2019_1159_1458,0.048483239849623744
2019_1159_1459,0.09769326116136576
2019_1159_1463,0.64
2019_1181_1192,0.9952501367719996
2019_1181_1196,0.9310507015810904
2019_1181_1199,0.8080060183103321
2019_1181_1205,0.9924479355457384
2019_1181_1209,0.9770498745904782
2019_1181_1211,0.64
2019_1181_1222,0.8561629319395669
2019_1181_1233,0.9943831403345464
2019_1181_1234,0.8861321268388618
2019_1181_1235,0.8492451590374428
2019_1181_1242,0.8004139057256143
2019_1181_1243,0.9034730881697629
2019_1181_1246,0.64
2019_1181_1251,0.9739889277562026
2019_1181_1257,0.8564020619146561
2019_1181_1261,0.8111770770699858
2019_1181_1266,0.8510830567500491
2019_1181_1268,0.8795660161036709
2019_1181_1276,0.7803013605078801
2019_1181_1277,0.64
2019_1181_1278,0.9179292821836276
2019_1181_1279,0.9225061678208044
2019_1181_1280,0.8481051230175121
2019_1181_1285,0.9865919768245116
2019_1181_1293,0.9499983875934329
2019_1181_1295,0.993643577354147
2019_1181_1297,0.9795842525643498
2019_1181_1300,0.9986328677454056
2019_1181_1305,0.8857999292898522
2019_1181_1308,0.9627522864759884
2019_1181_1314,0.64
2019_1181_1318,0.9779858532788052
2019_1181_1326,0.9328163771553356
2019_1181_1328,0.9113351410951586
2019_1181_1330,0.9790443510015616
2019_1181_1332,0.9504519872435044
2019_1181_1341,0.9952161967607448
2019_1181_1345,0.8123227049807763
2019_1181_1371,0.9264614476278276
2019_1181_1385,0.9304792213162748
2019_1181_1387,0.979004175064962
2019_1181_1388,0.94337538312422
2019_1181_1393,0.9250367268112784
2019_1181_1396,0.9465940478243299
2019_1181_1397,0.64
2019_1181_1403,0.8174827919378377
2019_1181_1414,0.9737271373248052
2019_1181_1416,0.9356322836707148
2019_1181_1429,0.91619004854639
2019_1181_1433,0.9436061441859984
2019_1181_1436,0.9765638156047872
2019_1181_1437,0.8920066175131949
2019_1181_1438,0.64
2019_1181_1439,0.8477045444985665
2019_1181_1449,0.9428574368331106
2019_1181_1458,0.8735073947953145
2019_1181_1459,0.9040059209358292
2019_1181_1463,0.9695817750552675
2019_1192_1196,0.03607638402741574
2019_1192_1199,0.02327483477140007
2019_1192_1205,0.64
2019_1192_1209,0.16392245808841693
2019_1192_1211,0.004004909706842385
2019_1192_1222,0.018049708193971614
2019_1192_1233,0.64
2019_1192_1234,0.03511946310108918
2019_1192_1235,0.0255338978247191
2019_1192_1242,0.019141421824799196
2019_1192_1243,0.030274156748147606
2019_1192_1246,0.010555492584442728
2019_1192_1251,0.12092422159052102
2019_1192_1257,0.022029929849816738
2019_1192_1261,0.019734875047824892
2019_1192_1266,0.02879552242460573
2019_1192_1268,0.02723489702283699
2019_1192_1276,0.01071393838140136
2019_1192_1277,0.009742379180936324
2019_1192_1278,0.04499697968897373
2019_1192_1279,0.047875190271003
2019_1192_1280,0.028114997264010164
2019_1192_1285,0.64
2019_1192_1293,0.07095187979846855
2019_1192_1295,0.64
2019_1192_1297,0.17236968118507462
2019_1192_1300,0.64
2019_1192_1305,0.026325792985035425
2019_1192_1308,0.07244618087656278
2019_1192_1314,0.006218823910084153
2019_1192_1318,0.13685215989063487
2019_1192_1326,0.03799288825531068
2019_1192_1328,0.03442836331003751
2019_1192_1330,0.1429645389705433
2019_1192_1332,0.061464038896799814
2019_1192_1341,0.64
2019_1192_1345,0.014644222782346002
2019_1192_1371,0.05591012488345266
2019_1192_1385,0.07307512320738045
2019_1192_1387,0.13626351335611087
2019_1192_1388,0.052898195871696634
2019_1192_1393,0.03272292503216848
2019_1192_1396,0.07962638174236655
2019_1192_1397,0.009442242031498415
2019_1192_1403,0.0137713858848833
2019_1192_1414,0.11525441806610184
2019_1192_1416,0.05419396882085935
2019_1192_1429,0.04768671638387855
2019_1192_1433,0.04999935433023968
2019_1192_1436,0.11728193469349076
2019_1192_1437,0.02968410314350715
2019_1192_1438,0.004329069258328739
2019_1192_1439,0.014499866750387868
2019_1192_1449,0.04983952064628441
2019_1192_1458,0.01930154330002969
2019_1192_1459,0.037395632540372384
2019_1192_1463,0.12220520538155935
2019_1196_1199,0.20230311314249544
2019_1196_1205,0.9466129677986967
2019_1196_1209,0.8440881240773682
2019_1196_1211,0.07988638678228258
2019_1196_1222,0.64
2019_1196_1233,0.9636655672556792
2019_1196_1234,0.64
2019_1196_1235,0.64
2019_1196_1242,0.64
2019_1196_1243,0.64
2019_1196_1246,0.12645384167020446
2019_1196_1251,0.64
2019_1196_1257,0.64
2019_1196_1261,0.64
2019_1196_1266,0.64
2019_1196_1268,0.64
2019_1196_1276,0.14224214186928893
2019_1196_1277,0.11408492732560588
2019_1196_1278,0.64
2019_1196_1279,0.64
2019_1196_1280,0.64
2019_1196_1285,0.8819537396992463
2019_1196_1293,0.64
2019_1196_1295,0.9579730640277726
2019_1196_1297,0.8289220495838402
2019_1196_1300,0.9865678879795614
2019_1196_1305,0.64
2019_1196_1308,0.64
2019_1196_1314,0.15512656009959674
2019_1196_1318,0.8527126310848772
2019_1196_1326,0.64
2019_1196_1328,0.64
2019_1196_1330,0.64
2019_1196_1332,0.64
2019_1196_1341,0.9606412159355826
2019_1196_1345,0.64
2019_1196_1371,0.64
2019_1196_1385,0.64
2019_1196_1387,0.7716605666462354
2019_1196_1388,0.64
2019_1196_1393,0.64
2019_1196_1396,0.64
2019_1196_1397,0.15166048083763195
2019_1196_1403,0.17194628006257495
2019_1196_1414,0.64
2019_1196_1416,0.64
2019_1196_1429,0.64
2019_1196_1433,0.64
2019_1196_1436,0.64
2019_1196_1437,0.64
2019_1196_1438,0.05931493110121318
2019_1196_1439,0.64
2019_1196_1449,0.64
2019_1196_1458,0.64
2019_1196_1459,0.64
2019_1196_1463,0.822168218462564
2019_1199_1205,0.9628908052271892
2019_1199_1209,0.8911988042107972
2019_1199_1211,0.64
2019_1199_1222,0.64
2019_1199_1233,0.9691212005054032
2019_1199_1234,0.64
2019_1199_1235,0.64
2019_1199_1242,0.64
2019_1199_1243,0.64
2019_1199_1246,0.64
2019_1199_1251,0.92206694681119
2019_1199_1257,0.64
2019_1199_1261,0.64
2019_1199_1266,0.64
2019_1199_1268,0.64
2019_1199_1276,0.64
2019_1199_1277,0.64
2019_1199_1278,0.64
2019_1199_1279,0.64
2019_1199_1280,0.64
2019_1199_1285,0.9440215716263912
2019_1199_1293,0.8208118301272871
2019_1199_1295,0.9669121218500548
2019_1199_1297,0.9120659867748628
2019_1199_1300,0.9946644348595683
2019_1199_1305,0.64
2019_1199_1308,0.8764513075082598
2019_1199_1314,0.21394568097428854
2019_1199_1318,0.9120584121693144
2019_1199_1326,0.7844622349562099
2019_1199_1328,0.64
2019_1199_1330,0.9401461102221762
2019_1199_1332,0.8438409607611059
2019_1199_1341,0.9755264302663348
2019_1199_1345,0.64
2019_1199_1371,0.64
2019_1199_1385,0.64
2019_1199_1387,0.9338974734726656
2019_1199_1388,0.8204374890026397
2019_1199_1393,0.64
2019_1199_1396,0.7909757548941486
2019_1199_1397,0.64
2019_1199_1403,0.64
2019_1199_1414,0.9136424546988292
2019_1199_1416,0.8026590444425248
2019_1199_1429,0.64
2019_1199_1433,0.8463733227942825
2019_1199_1436,0.9289328983801776
2019_1199_1437,0.64
2019_1199_1438,0.64
2019_1199_1439,0.64
2019_1199_1449,0.8290530544776733
2019_1199_1458,0.64
2019_1199_1459,0.64
2019_1199_1463,0.860536568341252
2019_1205_1209,0.64
2019_1205_1211,0.006195084457905135
2019_1205_1222,0.026102314321731584
2019_1205_1233,0.64
2019_1205_1234,0.054252912854293
2019_1205_1235,0.03802611825444343
2019_1205_1242,0.030038032027227143
2019_1205_1243,0.04246755571655024
2019_1205_1246,0.016926480489149843
2019_1205_1251,0.18016690874395572
2019_1205_1257,0.03460847454882278
2019_1205_1261,0.029841081979852514
2019_1205_1266,0.04660210476700763
2019_1205_1268,0.04117784855921623
2019_1205_1276,0.017441365124403918
2019_1205_1277,0.015399897985874425
2019_1205_1278,0.06639813221958514
2019_1205_1279,0.07798908861258838
2019_1205_1280,0.0438925278383574
2019_1205_1285,0.64
2019_1205_1293,0.10365929776210783
2019_1205_1295,0.64
2019_1205_1297,0.64
2019_1205_1300,0.8141753633539277
2019_1205_1305,0.03883651181365691
2019_1205_1308,0.1113357389834343
2019_1205_1314,0.009597344602158973
2019_1205_1318,0.2029695653719962
2019_1205_1326,0.05514791157550911
2019_1205_1328,0.049469593003449885
2019_1205_1330,0.21569867826989875
2019_1205_1332,0.09690035114777706
2019_1205_1341,0.64
2019_1205_1345,0.02358938852340672
2019_1205_1371,0.08378625075484608
2019_1205_1385,0.10948137750166226
2019_1205_1387,0.19107903301276533
2019_1205_1388,0.07805160349672928
2019_1205_1393,0.045215872206665834
2019_1205_1396,0.11847564034746845
2019_1205_1397,0.015547259122263731
2019_1205_1403,0.020446038848802063
2019_1205_1414,0.16459366808725928
2019_1205_1416,0.08393436653979765
2019_1205_1429,0.07760585136235114
2019_1205_1433,0.07154315805763173
2019_1205_1436,0.17148404657054375
2019_1205_1437,0.04384426803930745
2019_1205_1438,0.006415797080059041
2019_1205_1439,0.02206694860963283
2019_1205_1449,0.0760577581186087
2019_1205_1458,0.02876307731171095
2019_1205_1459,0.057379628423416325
2019_1205_1463,0.17731967991141315
2019_1209_1211,0.018440433631435948
2019_1209_1222,0.07379378829923114
2019_1209_1233,0.8329786594596259
2019_1209_1234,0.15621074203295493
2019_1209_1235,0.11050202815899374
2019_1209_1242,0.08699241394799631
2019_1209_1243,0.1263362932636681
2019_1209_1246,0.052030476202141934
2019_1209_1251,0.64
2019_1209_1257,0.10087910747758057
2019_1209_1261,0.09439449714696127
2019_1209_1266,0.13673278343802298
2019_1209_1268,0.1202249271190068
2019_1209_1276,0.051044072290367566
2019_1209_1277,0.045777181776754286
2019_1209_1278,0.18717798116820575
2019_1209_1279,0.20250787653230776
2019_1209_1280,0.13018801377323969
2019_1209_1285,0.64
2019_1209_1293,0.64
2019_1209_1295,0.8075777365960357
2019_1209_1297,0.64
2019_1209_1300,0.9365093361017106
2019_1209_1305,0.11908864159714673
2019_1209_1308,0.64
2019_1209_1314,0.031834904155237875
2019_1209_1318,0.64
2019_1209_1326,0.1618724221815922
2019_1209_1328,0.1435948674367909
2019_1209_1330,0.64
2019_1209_1332,0.64
2019_1209_1341,0.8536157262998485
2019_1209_1345,0.07100806906362275
2019_1209_1371,0.22901775026602195
2019_1209_1385,0.64
2019_1209_1387,0.64
2019_1209_1388,0.215161759128182
2019_1209_1393,0.13856206431004953
2019_1209_1396,0.64
2019_1209_1397,0.048030749475099416
2019_1209_1403,0.062437428201230334
2019_1209_1414,0.64
2019_1209_1416,0.2234092653394512
2019_1209_1429,0.2063498595199107
2019_1209_1433,0.2036271593747736
2019_1209_1436,0.64
2019_1209_1437,0.12704436945214853
2019_1209_1438,0.019438123075320897
2019_1209_1439,0.06919455379019926
2019_1209_1449,0.20840719121152754
2019_1209_1458,0.08163880451797324
2019_1209_1459,0.15608819093113085
2019_1209_1463,0.64
2019_1211_1222,0.8137975161203574
2019_1211_1233,0.9959948701335212
2019_1211_1234,0.909399697955526
2019_1211_1235,0.8468523443018311
2019_1211_1242,0.8123007552070559
2019_1211_1243,0.860521790469103
2019_1211_1246,0.64
2019_1211_1251,0.9664948203796782
2019_1211_1257,0.855791341764295
2019_1211_1261,0.8414297559916385
2019_1211_1266,0.8369484312221941
2019_1211_1268,0.8641087435778871
2019_1211_1276,0.64
2019_1211_1277,0.64
2019_1211_1278,0.921087433413897
2019_1211_1279,0.929838739124658
2019_1211_1280,0.8463806511865967
2019_1211_1285,0.9871451351533468
2019_1211_1293,0.9515541344492112
2019_1211_1295,0.9947576584564466
2019_1211_1297,0.980543852998142
2019_1211_1300,0.9987019431221787
2019_1211_1305,0.8847171352706036
2019_1211_1308,0.957843717406123
2019_1211_1314,0.64
2019_1211_1318,0.9821186318201172
2019_1211_1326,0.9346192007169718
2019_1211_1328,0.9227365912337282
2019_1211_1330,0.9694328019986024
2019_1211_1332,0.9352469026871584
2019_1211_1341,0.9958844127406729
2019_1211_1345,0.8042625875063907
2019_1211_1371,0.9336508253580802
2019_1211_1385,0.9429466559160816
2019_1211_1387,0.9755836055255288
2019_1211_1388,0.9350262143908404
2019_1211_1393,0.92721043052869
2019_1211_1396,0.9521350000240444
2019_1211_1397,0.64
2019_1211_1403,0.64
2019_1211_1414,0.9676422964917292
2019_1211_1416,0.9205274547440508
2019_1211_1429,0.9107570045430984
2019_1211_1433,0.9319592758507528
2019_1211_1436,0.9727276277458662
2019_1211_1437,0.8942039129062658
2019_1211_1438,0.64
2019_1211_1439,0.8165675784916805
2019_1211_1449,0.9360792703521796
2019_1211_1458,0.8386751442925939
2019_1211_1459,0.9073502545427332
2019_1211_1463,0.9782995735875484
2019_1222_1233,0.9812586300193707
2019_1222_1234,0.64
2019_1222_1235,0.64
2019_1222_1242,0.64
2019_1222_1243,0.64
2019_1222_1246,0.64
2019_1222_1251,0.844270071902418
2019_1222_1257,0.64
2019_1222_1261,0.64
2019_1222_1266,0.64
2019_1222_1268,0.64
2019_1222_1276,0.64
2019_1222_1277,0.2291995499235933
2019_1222_1278,0.64
2019_1222_1279,0.64
2019_1222_1280,0.64
2019_1222_1285,0.9473925351273308
2019_1222_1293,0.8102911895316052
2019_1222_1295,0.9774568072040029
2019_1222_1297,0.922047232957694
2019_1222_1300,0.99431967652837
2019_1222_1305,0.64
2019_1222_1308,0.8563133943695573
2019_1222_1314,0.64
2019_1222_1318,0.9362636137581256
2019_1222_1326,0.7939639467261508
2019_1222_1328,0.64
2019_1222_1330,0.849459461094014
2019_1222_1332,0.64
2019_1222_1341,0.9790236613672278
2019_1222_1345,0.64
2019_1222_1371,0.64
2019_1222_1385,0.7816228197933499
2019_1222_1387,0.9023374745492382
2019_1222_1388,0.64
2019_1222_1393,0.7775347313366234
2019_1222_1396,0.8202610224916453
2019_1222_1397,0.64
2019_1222_1403,0.64
2019_1222_1414,0.8642649158069966
2019_1222_1416,0.64
2019_1222_1429,0.64
2019_1222_1433,0.64
2019_1222_1436,0.8857390161197317
2019_1222_1437,0.64
2019_1222_1438,0.1736595715993121
2019_1222_1439,0.64
2019_1222_1449,0.7743478588067172
2019_1222_1458,0.64
2019_1222_1459,0.64
2019_1222_1463,0.9166067090582788
2019_1233_1234,0.034753623975071105
2019_1233_1235,0.02808336659834831
2019_1233_1242,0.019802227359215226
2019_1233_1243,0.03362144889985229
2019_1233_1246,0.013220311695461845
2019_1233_1251,0.1375929192045955
2019_1233_1257,0.02323377285012755
2019_1233_1261,0.019752253997492215
2019_1233_1266,0.03554249765689789
2019_1233_1268,0.030383283704088763
2019_1233_1276,0.0126202626773662
2019_1233_1277,0.011524556628249943
2019_1233_1278,0.04556024748216882
2019_1233_1279,0.04773247631078373
2019_1233_1280,0.03205350737159099
2019_1233_1285,0.64
2019_1233_1293,0.07077788803038029
2019_1233_1295,0.64
2019_1233_1297,0.1757876112556316
2019_1233_1300,0.64
2019_1233_1305,0.029032751094159467
2019_1233_1308,0.07304558370291389
2019_1233_1314,0.006142981306869494
2019_1233_1318,0.12851272057430554
2019_1233_1326,0.03506495136012292
2019_1233_1328,0.02971787952802604
2019_1233_1330,0.1871361341298228
2019_1233_1332,0.07593245008931898
2019_1233_1341,0.64
2019_1233_1345,0.01507585994979685
2019_1233_1371,0.056944254404959385
2019_1233_1385,0.07603994686525625
2019_1233_1387,0.13282047507258574
2019_1233_1388,0.05821303539343189
2019_1233_1393,0.028689542136660477
2019_1233_1396,0.08333590316787373
2019_1233_1397,0.010758965379378968
2019_1233_1403,0.016077508923347243
2019_1233_1414,0.1333387247415161
2019_1233_1416,0.06282873136559097
2019_1233_1429,0.05871294512385941
2019_1233_1433,0.0539077425940574
2019_1233_1436,0.12559896864111084
2019_1233_1437,0.029046981060129595
2019_1233_1438,0.0053018223495188005
2019_1233_1439,0.015407350426531094
2019_1233_1449,0.05382836435013172
2019_1233_1458,0.020118844737438468
2019_1233_1459,0.03826023860526034
2019_1233_1463,0.11929025417715945
2019_1234_1235,0.64
2019_1234_1242,0.64
2019_1234_1243,0.64
2019_1234_1246,0.22880523389182345
2019_1234_1251,0.7838363315979022
2019_1234_1257,0.64
2019_1234_1261,0.64
2019_1234_1266,0.64
2019_1234_1268,0.64
2019_1234_1276,0.20925386851514985
2019_1234_1277,0.2075957452470475
2019_1234_1278,0.64
2019_1234_1279,0.64
2019_1234_1280,0.64
2019_1234_1285,0.8910180341898424
2019_1234_1293,0.64
2019_1234_1295,0.958239728898464
2019_1234_1297,0.8484374186515046
2019_1234_1300,0.9875692297485484
2019_1234_1305,0.64
2019_1234_1308,0.64
2019_1234_1314,0.15378450038652836
2019_1234_1318,0.8035550189622644
2019_1234_1326,0.64
2019_1234_1328,0.64
2019_1234_1330,0.8237325532687438
2019_1234_1332,0.64
2019_1234_1341,0.9697134882838776
2019_1234_1345,0.64
2019_1234_1371,0.64
2019_1234_1385,0.64
2019_1234_1387,0.8035003398693856
2019_1234_1388,0.64
2019_1234_1393,0.64
2019_1234_1396,0.64
2019_1234_1397,0.20957888654179746
2019_1234_1403,0.64
2019_1234_1414,0.7793207314766233
2019_1234_1416,0.64
2019_1234_1429,0.64
2019_1234_1433,0.64
2019_1234_1436,0.7804091292425186
2019_1234_1437,0.64
2019_1234_1438,0.09714715954554418
2019_1234_1439,0.64
2019_1234_1449,0.64
2019_1234_1458,0.64
2019_1234_1459,0.64
2019_1234_1463,0.7904869690767069
2019_1235_1242,0.64
2019_1235_1243,0.64
2019_1235_1246,0.64
2019_1235_1251,0.8557956064448138
2019_1235_1257,0.64
2019_1235_1261,0.64
2019_1235_1266,0.64
2019_1235_1268,0.64
2019_1235_1276,0.64
2019_1235_1277,0.64
2019_1235_1278,0.64
2019_1235_1279,0.64
2019_1235_1280,0.64
2019_1235_1285,0.9303256723741462
2019_1235_1293,0.64
2019_1235_1295,0.96865809581687
2019_1235_1297,0.8946724940857429
2019_1235_1300,0.9921577823227538
2019_1235_1305,0.64
2019_1235_1308,0.8078013232906114
2019_1235_1314,0.20546682072075276
2019_1235_1318,0.8904773322762733
2019_1235_1326,0.64
2019_1235_1328,0.64
2019_1235_1330,0.8824950154924325
2019_1235_1332,0.64
2019_1235_1341,0.9757391949174214
2019_1235_1345,0.64
2019_1235_1371,0.64
2019_1235_1385,0.64
2019_1235_1387,0.887243919823249
2019_1235_1388,0.64
2019_1235_1393,0.64
2019_1235_1396,0.7767025662736093
2019_1235_1397,0.64
2019_1235_1403,0.64
2019_1235_1414,0.8550160486345768
2019_1235_1416,0.64
2019_1235_1429,0.64
2019_1235_1433,0.64
2019_1235_1436,0.8703560924041038
2019_1235_1437,0.64
2019_1235_1438,0.19801311693017504
2019_1235_1439,0.64
2019_1235_1449,0.64
2019_1235_1458,0.64
2019_1235_1459,0.64
2019_1235_1463,0.8584765782843169
2019_1242_1243,0.64
2019_1242_1246,0.64
2019_1242_1251,0.8894434670099642
2019_1242_1257,0.64
2019_1242_1261,0.64
2019_1242_1266,0.64
2019_1242_1268,0.64
2019_1242_1276,0.64
2019_1242_1277,0.64
2019_1242_1278,0.64
2019_1242_1279,0.64
2019_1242_1280,0.64
2019_1242_1285,0.9430418596987288
2019_1242_1293,0.8117303096417487
2019_1242_1295,0.975491593106348
2019_1242_1297,0.916855887019098
2019_1242_1300,0.9941244999385987
2019_1242_1305,0.64
2019_1242_1308,0.8305280431851989
2019_1242_1314,0.64
2019_1242_1318,0.9053499049013513
2019_1242_1326,0.64
2019_1242_1328,0.64
2019_1242_1330,0.9101845782158084
2019_1242_1332,0.7999768579988229
2019_1242_1341,0.9816323010021396
2019_1242_1345,0.64
2019_1242_1371,0.64
2019_1242_1385,0.7857090130274352
2019_1242_1387,0.9025291008698546
2019_1242_1388,0.64
2019_1242_1393,0.64
2019_1242_1396,0.8163764991772047
2019_1242_1397,0.64
2019_1242_1403,0.64
2019_1242_1414,0.8841361809956967
2019_1242_1416,0.64
2019_1242_1429,0.64
2019_1242_1433,0.64
2019_1242_1436,0.8912335850102069
2019_1242_1437,0.64
2019_1242_1438,0.22415821507669065
2019_1242_1439,0.64
2019_1242_1449,0.64
2019_1242_1458,0.64
2019_1242_1459,0.64
2019_1242_1463,0.8799334321705191
2019_1243_1246,0.17123186068496524
2019_1243_1251,0.7992214063743748
2019_1243_1257,0.64
2019_1243_1261,0.64
2019_1243_1266,0.64
2019_1243_1268,0.64
2019_1243_1276,0.64
2019_1243_1277,0.16319036736567755
2019_1243_1278,0.64
2019_1243_1279,0.64
2019_1243_1280,0.64
2019_1243_1285,0.9218980599648944
2019_1243_1293,0.64
2019_1243_1295,0.9615554708084536
2019_1243_1297,0.8755850908029408
2019_1243_1300,0.9917015268138316
2019_1243_1305,0.64
2019_1243_1308,0.8137058051971892
2019_1243_1314,0.18284596723894198
2019_1243_1318,0.9116140703729716
2019_1243_1326,0.64
2019_1243_1328,0.64
2019_1243_1330,0.8004997343718514
2019_1243_1332,0.64
2019_1243_1341,0.9639055939741732
2019_1243_1345,0.64
2019_1243_1371,0.64
2019_1243_1385,0.64
2019_1243_1387,0.8747742555212175
2019_1243_1388,0.64
2019_1243_1393,0.64
2019_1243_1396,0.64
2019_1243_1397,0.2008132874675728
2019_1243_1403,0.64
2019_1243_1414,0.8200458322025221
2019_1243_1416,0.64
2019_1243_1429,0.64
2019_1243_1433,0.64
2019_1243_1436,0.8598078951492374
2019_1243_1437,0.64
2019_1243_1438,0.1635622695162643
2019_1243_1439,0.64
2019_1243_1449,0.64
2019_1243_1458,0.64
2019_1243_1459,0.64
2019_1243_1463,0.8693560480515976
2019_1246_1251,0.9490996618088428
2019_1246_1257,0.64
2019_1246_1261,0.64
2019_1246_1266,0.64
2019_1246_1268,0.7798590378795427
2019_1246_1276,0.64
2019_1246_1277,0.64
2019_1246_1278,0.8414092316605832
2019_1246_1279,0.8443744840405591
2019_1246_1280,0.64
2019_1246_1285,0.9706987260785768
2019_1246_1293,0.8977264527090638
2019_1246_1295,0.985587674372347
2019_1246_1297,0.9555342791027264
2019_1246_1300,0.997281993456344
2019_1246_1305,0.7848994824840012
2019_1246_1308,0.92972167104494
2019_1246_1314,0.64
2019_1246_1318,0.9563221112857548
2019_1246_1326,0.8799508039550017
2019_1246_1328,0.8335210364688659
2019_1246_1330,0.955123808185078
2019_1246_1332,0.8967059980984518
2019_1246_1341,0.9885045849086536
2019_1246_1345,0.64
2019_1246_1371,0.8470039541542089
2019_1246_1385,0.8450835303275668
2019_1246_1387,0.9606632796981434
2019_1246_1388,0.8878814691864623
2019_1246_1393,0.8679893765492396
2019_1246_1396,0.8902881387803563
2019_1246_1397,0.64
2019_1246_1403,0.64
2019_1246_1414,0.9474952974896834
2019_1246_1416,0.8669265349892987
2019_1246_1429,0.8247575107636533
2019_1246_1433,0.8969980368823047
2019_1246_1436,0.9548574423856351
2019_1246_1437,0.7998036974821492
2019_1246_1438,0.64
2019_1246_1439,0.64
2019_1246_1449,0.8939209404812141
2019_1246_1458,0.7807296163280839
2019_1246_1459,0.8231354662379282
2019_1246_1463,0.9365481623362124
2019_1251_1257,0.15999841089047462
2019_1251_1261,0.13049212732001408
2019_1251_1266,0.1268860118955457
2019_1251_1268,0.18154188818727085
2019_1251_1276,0.08639426676510345
2019_1251_1277,0.04904147328212025
2019_1251_1278,0.64
2019_1251_1279,0.64
2019_1251_1280,0.1397860561384241
2019_1251_1285,0.64
2019_1251_1293,0.64
2019_1251_1295,0.8452683584666152
2019_1251_1297,0.64
2019_1251_1300,0.9605693235515148
2019_1251_1305,0.2052273771476857
2019_1251_1308,0.64
2019_1251_1314,0.04577573136515901
2019_1251_1318,0.64
2019_1251_1326,0.64
2019_1251_1328,0.64
2019_1251_1330,0.64
2019_1251_1332,0.64
2019_1251_1341,0.8611548655627517
2019_1251_1345,0.1312997967020986
2019_1251_1371,0.64
2019_1251_1385,0.64
2019_1251_1387,0.64
2019_1251_1388,0.64
2019_1251_1393,0.64
2019_1251_1396,0.64
2019_1251_1397,0.05303748654760476
2019_1251_1403,0.1065748839557836
2019_1251_1414,0.64
2019_1251_1416,0.64
2019_1251_1429,0.64
2019_1251_1433,0.64
2019_1251_1436,0.64
2019_1251_1437,0.64
2019_1251_1438,0.042148396496002716
2019_1251_1439,0.15335019418998552
2019_1251_1449,0.64
2019_1251_1458,0.18221537985336844
2019_1251_1459,0.64
2019_1251_1463,0.64
2019_1257_1261,0.64
2019_1257_1266,0.64
2019_1257_1268,0.64
2019_1257_1276,0.64
2019_1257_1277,0.64
2019_1257_1278,0.64
2019_1257_1279,0.64
2019_1257_1280,0.64
2019_1257_1285,0.9305887193610892
2019_1257_1293,0.64
2019_1257_1295,0.9723912675000688
2019_1257_1297,0.8978951988241659
2019_1257_1300,0.9926811997620568
2019_1257_1305,0.64
2019_1257_1308,0.7931275979973581
2019_1257_1314,0.2205096368217576
2019_1257_1318,0.8925814767504414
2019_1257_1326,0.64
2019_1257_1328,0.64
2019_1257_1330,0.8525184048099388
2019_1257_1332,0.64
2019_1257_1341,0.977297520901662
2019_1257_1345,0.64
2019_1257_1371,0.64
2019_1257_1385,0.64
2019_1257_1387,0.8686986063486062
2019_1257_1388,0.64
2019_1257_1393,0.64
2019_1257_1396,0.777297870499582
2019_1257_1397,0.64
2019_1257_1403,0.64
2019_1257_1414,0.8312821194060258
2019_1257_1416,0.64
2019_1257_1429,0.64
2019_1257_1433,0.64
2019_1257_1436,0.8523540823238999
2019_1257_1437,0.64
2019_1257_1438,0.14014490212532832
2019_1257_1439,0.64
2019_1257_1449,0.64
2019_1257_1458,0.64
2019_1257_1459,0.64
2019_1257_1463,0.8735901432101728
2019_1261_1266,0.64
2019_1261_1268,0.64
2019_1261_1276,0.64
2019_1261_1277,0.64
2019_1261_1278,0.64
2019_1261_1279,0.64
2019_1261_1280,0.64
2019_1261_1285,0.9359463675203687
2019_1261_1293,0.7908521628690732
2019_1261_1295,0.9758343406190568
2019_1261_1297,0.9122873945078818
2019_1261_1300,0.9931974999162302
2019_1261_1305,0.64
2019_1261_1308,0.7991803235486283
2019_1261_1314,0.64
2019_1261_1318,0.8827114997552334
2019_1261_1326,0.64
2019_1261_1328,0.64
2019_1261_1330,0.895781003561718
2019_1261_1332,0.64
2019_1261_1341,0.9827091652088455
2019_1261_1345,0.64
2019_1261_1371,0.64
2019_1261_1385,0.8060693412415859
2019_1261_1387,0.882463500859977
2019_1261_1388,0.64
2019_1261_1393,0.64
2019_1261_1396,0.8114009279644491
2019_1261_1397,0.64
2019_1261_1403,0.64
2019_1261_1414,0.8649013410712134
2019_1261_1416,0.64
2019_1261_1429,0.64
2019_1261_1433,0.64
2019_1261_1436,0.8672491885500653
2019_1261_1437,0.64
2019_1261_1438,0.16320474745539806
2019_1261_1439,0.64
2019_1261_1449,0.64
2019_1261_1458,0.64
2019_1261_1459,0.64
2019_1261_1463,0.8757311136895791
2019_1266_1268,0.64
2019_1266_1276,0.64
2019_1266_1277,0.64
2019_1266_1278,0.64
2019_1266_1279,0.64
2019_1266_1280,0.64
2019_1266_1285,0.9217070094851172
2019_1266_1293,0.64
2019_1266_1295,0.9612068007813672
2019_1266_1297,0.8837009281393349
2019_1266_1300,0.9920871623956512
2019_1266_1305,0.64
2019_1266_1308,0.8152643901597685
2019_1266_1314,0.17026950933140414
2019_1266_1318,0.8749438560786817
2019_1266_1326,0.64
2019_1266_1328,0.64
2019_1266_1330,0.9041265829551736
2019_1266_1332,0.7752837603510939
2019_1266_1341,0.9716913759137884
2019_1266_1345,0.64
2019_1266_1371,0.64
2019_1266_1385,0.64
2019_1266_1387,0.8910174521356735
2019_1266_1388,0.64
2019_1266_1393,0.64
2019_1266_1396,0.64
2019_1266_1397,0.64
2019_1266_1403,0.64
2019_1266_1414,0.8664126925064185
2019_1266_1416,0.64
2019_1266_1429,0.64
2019_1266_1433,0.64
2019_1266_1436,0.8830513956237702
2019_1266_1437,0.64
2019_1266_1438,0.64
2019_1266_1439,0.64
2019_1266_1449,0.64
2019_1266_1458,0.64
2019_1266_1459,0.64
2019_1266_1463,0.8308175197838279
2019_1268_1276,0.64
2019_1268_1277,0.20012681008555536
2019_1268_1278,0.64
2019_1268_1279,0.64
2019_1268_1280,0.64
2019_1268_1285,0.919727929724704
2019_1268_1293,0.64
2019_1268_1295,0.9661233794599424
2019_1268_1297,0.8791439243370516
2019_1268_1300,0.9914486669115312
2019_1268_1305,0.64
2019_1268_1308,0.7854913897136684
2019_1268_1314,0.187018293200128
2019_1268_1318,0.8886639700367824
2019_1268_1326,0.64
2019_1268_1328,0.64
2019_1268_1330,0.8331941437532068
2019_1268_1332,0.64
2019_1268_1341,0.9704320055393124
2019_1268_1345,0.64
2019_1268_1371,0.64
2019_1268_1385,0.64
2019_1268_1387,0.8655292640815212
2019_1268_1388,0.64
2019_1268_1393,0.64
2019_1268_1396,0.64
2019_1268_1397,0.2228090873340683
2019_1268_1403,0.64
2019_1268_1414,0.8180232121273979
2019_1268_1416,0.64
2019_1268_1429,0.64
2019_1268_1433,0.64
2019_1268_1436,0.8507282588869323
2019_1268_1437,0.64
2019_1268_1438,0.14757509529277707
2019_1268_1439,0.64
2019_1268_1449,0.64
2019_1268_1458,0.64
2019_1268_1459,0.64
2019_1268_1463,0.8515149991970922
2019_1276_1277,0.64
2019_1276_1278,0.8127341837125677
2019_1276_1279,0.8333265845018479
2019_1276_1280,0.64
2019_1276_1285,0.9701933314700046
2019_1276_1293,0.8848601920501992
2019_1276_1295,0.9849239230756044
2019_1276_1297,0.9509404681461174
2019_1276_1300,0.9969941392325771
2019_1276_1305,0.64
2019_1276_1308,0.918773452813102
2019_1276_1314,0.64
2019_1276_1318,0.9641889412152844
2019_1276_1326,0.892982962809913
2019_1276_1328,0.8476309578639355
2019_1276_1330,0.9100228725071569
2019_1276_1332,0.8406512800673157
2019_1276_1341,0.9859801543005676
2019_1276_1345,0.64
2019_1276_1371,0.8247631185823161
2019_1276_1385,0.8305326572714767
2019_1276_1387,0.9499673858284268
2019_1276_1388,0.8485844554768671
2019_1276_1393,0.8767673481449259
2019_1276_1396,0.8742321603489727
2019_1276_1397,0.64
2019_1276_1403,0.64
2019_1276_1414,0.9194870603988918
2019_1276_1416,0.8073075915851793
2019_1276_1429,0.64
2019_1276_1433,0.848421283398082
2019_1276_1436,0.9423084082565916
2019_1276_1437,0.7880321127187062
2019_1276_1438,0.64
2019_1276_1439,0.64
2019_1276_1449,0.8764807146210856
2019_1276_1458,0.64
2019_1276_1459,0.7882367331271934
2019_1276_1463,0.9446333317133392
2019_1277_1278,0.8510028023099614
2019_1277_1279,0.8570970279027943
2019_1277_1280,0.64
2019_1277_1285,0.9746178955033564
2019_1277_1293,0.9080194165551344
2019_1277_1295,0.98735360445312
2019_1277_1297,0.9593556941704436
2019_1277_1300,0.9975094950218282
2019_1277_1305,0.8019679167685867
2019_1277_1308,0.9322727104717958
2019_1277_1314,0.64
2019_1277_1318,0.9627429031472448
2019_1277_1326,0.8903661242559835
2019_1277_1328,0.8527247846597257
2019_1277_1330,0.9576566481127282
2019_1277_1332,0.9048511102434728
2019_1277_1341,0.9897299921933408
2019_1277_1345,0.64
2019_1277_1371,0.8586734264880248
2019_1277_1385,0.8619974365173177
2019_1277_1387,0.9637601344139898
2019_1277_1388,0.8993826268854463
2019_1277_1393,0.8786559974548043
2019_1277_1396,0.8974594830371959
2019_1277_1397,0.64
2019_1277_1403,0.64
2019_1277_1414,0.9506551237994436
2019_1277_1416,0.8795884688881339
2019_1277_1429,0.8452981004229486
2019_1277_1433,0.9009809414272024
2019_1277_1436,0.959224660575535
2019_1277_1437,0.8221812960803319
2019_1277_1438,0.64
2019_1277_1439,0.64
2019_1277_1449,0.9013996141232344
2019_1277_1458,0.7935747861762957
2019_1277_1459,0.8337006993189351
2019_1277_1463,0.9448150880095992
2019_1278_1279,0.64
2019_1278_1280,0.64
2019_1278_1285,0.8697415053460944
2019_1278_1293,0.64
2019_1278_1295,0.9466124689185502
2019_1278_1297,0.8201784269346296
2019_1278_1300,0.9844575911837417
2019_1278_1305,0.64
2019_1278_1308,0.64
2019_1278_1314,0.1214994313855768
2019_1278_1318,0.8019918312942166
2019_1278_1326,0.64
2019_1278_1328,0.64
2019_1278_1330,0.64
2019_1278_1332,0.64
2019_1278_1341,0.9578415485530308
2019_1278_1345,0.64
2019_1278_1371,0.64
2019_1278_1385,0.64
2019_1278_1387,0.7806983332660312
2019_1278_1388,0.64
2019_1278_1393,0.64
2019_1278_1396,0.64
2019_1278_1397,0.15496670762639586
2019_1278_1403,0.21782366701785646
2019_1278_1414,0.64
2019_1278_1416,0.64
2019_1278_1429,0.64
2019_1278_1433,0.64
2019_1278_1436,0.64
2019_1278_1437,0.64
2019_1278_1438,0.08675528993799497
2019_1278_1439,0.64
2019_1278_1449,0.64
2019_1278_1458,0.64
2019_1278_1459,0.64
2019_1278_1463,0.64
2019_1279_1280,0.64
2019_1279_1285,0.8545421375280239
2019_1279_1293,0.64
2019_1279_1295,0.9428837606714828
2019_1279_1297,0.8044961947388838
2019_1279_1300,0.98186228327452
2019_1279_1305,0.64
2019_1279_1308,0.64
2019_1279_1314,0.11166155942734204
2019_1279_1318,0.7770605239240307
2019_1279_1326,0.64
2019_1279_1328,0.64
2019_1279_1330,0.64
2019_1279_1332,0.64
2019_1279_1341,0.9556824520860492
2019_1279_1345,0.64
2019_1279_1371,0.64
2019_1279_1385,0.64
2019_1279_1387,0.64
2019_1279_1388,0.64
2019_1279_1393,0.64
2019_1279_1396,0.64
2019_1279_1397,0.1514888913241959
2019_1279_1403,0.19659812544714436
2019_1279_1414,0.64
2019_1279_1416,0.64
2019_1279_1429,0.64
2019_1279_1433,0.64
2019_1279_1436,0.64
2019_1279_1437,0.64
2019_1279_1438,0.06776808612928384
2019_1279_1439,0.64
2019_1279_1449,0.64
2019_1279_1458,0.64
2019_1279_1459,0.64
2019_1279_1463,0.64
2019_1280_1285,0.921054031818738
2019_1280_1293,0.64
2019_1280_1295,0.9635057181975756
2019_1280_1297,0.8824545618126691
2019_1280_1300,0.9914489356311575
2019_1280_1305,0.64
2019_1280_1308,0.7819422498314619
2019_1280_1314,0.17565614897665252
2019_1280_1318,0.8681041347506844
2019_1280_1326,0.64
2019_1280_1328,0.64
2019_1280_1330,0.8856142646909854
2019_1280_1332,0.64
2019_1280_1341,0.9731039859170156
2019_1280_1345,0.64
2019_1280_1371,0.64
2019_1280_1385,0.64
2019_1280_1387,0.880183782307678
2019_1280_1388,0.64
2019_1280_1393,0.64
2019_1280_1396,0.64
2019_1280_1397,0.64
2019_1280_1403,0.64
2019_1280_1414,0.8524067383266646
2019_1280_1416,0.64
2019_1280_1429,0.64
2019_1280_1433,0.64
2019_1280_1436,0.8641418591804828
2019_1280_1437,0.64
2019_1280_1438,0.1959559611984909
2019_1280_1439,0.64
2019_1280_1449,0.64
2019_1280_1458,0.64
2019_1280_1459,0.64
2019_1280_1463,0.8301488604394465
2019_1285_1293,0.19611551674792335
2019_1285_1295,0.64
2019_1285_1297,0.64
2019_1285_1300,0.9082324120552812
2019_1285_1305,0.08710146312281164
2019_1285_1308,0.21888524018627686
2019_1285_1314,0.02066168305886764
2019_1285_1318,0.64
2019_1285_1326,0.1252724009686644
2019_1285_1328,0.11137735175609807
2019_1285_1330,0.64
2019_1285_1332,0.16743862550530655
2019_1285_1341,0.7745627507754325
2019_1285_1345,0.04800774824961805
2019_1285_1371,0.159917415338653
2019_1285_1385,0.19893972468739385
2019_1285_1387,0.64
2019_1285_1388,0.1496549039010086
2019_1285_1393,0.11358057384865285
2019_1285_1396,0.21145811057653274
2019_1285_1397,0.027870310436445268
2019_1285_1403,0.04038574339741829
2019_1285_1414,0.64
2019_1285_1416,0.1411337545425812
2019_1285_1429,0.13057208224590156
2019_1285_1433,0.14037811002620826
2019_1285_1436,0.64
2019_1285_1437,0.09193629293010294
2019_1285_1438,0.012381264643775484
2019_1285_1439,0.050228535388282265
2019_1285_1449,0.1520246333088877
2019_1285_1458,0.05943084404362878
2019_1285_1459,0.1071179701520726
2019_1285_1463,0.64
2019_1293_1295,0.9130110633287222
2019_1293_1297,0.64
2019_1293_1300,0.9750088763307376
2019_1293_1305,0.64
2019_1293_1308,0.64
2019_1293_1314,0.07995138352597764
2019_1293_1318,0.64
2019_1293_1326,0.64
2019_1293_1328,0.64
2019_1293_1330,0.64
2019_1293_1332,0.64
2019_1293_1341,0.9319634783560572
2019_1293_1345,0.17894082837034594
2019_1293_1371,0.64
2019_1293_1385,0.64
2019_1293_1387,0.64
2019_1293_1388,0.64
2019_1293_1393,0.64
2019_1293_1396,0.64
2019_1293_1397,0.10486313647799278
2019_1293_1403,0.13756023612075718
2019_1293_1414,0.64
2019_1293_1416,0.64
2019_1293_1429,0.64
2019_1293_1433,0.64
2019_1293_1436,0.64
2019_1293_1437,0.64
2019_1293_1438,0.04806572538183879
2019_1293_1439,0.1765831946338377
2019_1293_1449,0.64
2019_1293_1458,0.2037920205049168
2019_1293_1459,0.64
2019_1293_1463,0.64
2019_1295_1297,0.2016298982453547
2019_1295_1300,0.7861257783646867
2019_1295_1305,0.033185681091238164
2019_1295_1308,0.09007727560710736
2019_1295_1314,0.007475853546021777
2019_1295_1318,0.1572579136623612
2019_1295_1326,0.04546835978755688
2019_1295_1328,0.03941830393529384
2019_1295_1330,0.20391045690304965
2019_1295_1332,0.08687762980691514
2019_1295_1341,0.64
2019_1295_1345,0.01917952249426876
2019_1295_1371,0.06969874223032824
2019_1295_1385,0.08739262817615717
2019_1295_1387,0.1707627737933084
2019_1295_1388,0.06571665486243418
2019_1295_1393,0.039465224125958674
2019_1295_1396,0.0947403774831819
2019_1295_1397,0.01239110634167077
2019_1295_1403,0.017763387958495466
2019_1295_1414,0.1497155957058492
2019_1295_1416,0.07150923894289099
2019_1295_1429,0.06832585629626366
2019_1295_1433,0.0659681659505082
2019_1295_1436,0.1480666131867367
2019_1295_1437,0.03675968818425413
2019_1295_1438,0.005710744595852555
2019_1295_1439,0.019906839949990776
2019_1295_1449,0.06591869923676133
2019_1295_1458,0.025360923954499896
2019_1295_1459,0.047985937567443
2019_1295_1463,0.1466944613592697
2019_1297_1300,0.9341744575419644
2019_1297_1305,0.1260122350882457
2019_1297_1308,0.64
2019_1297_1314,0.029878938354252774
2019_1297_1318,0.64
2019_1297_1326,0.18547411976998024
2019_1297_1328,0.15796915492392088
2019_1297_1330,0.64
2019_1297_1332,0.64
2019_1297_1341,0.8354706254317104
2019_1297_1345,0.07341878649818873
2019_1297_1371,0.22321988719473385
2019_1297_1385,0.64
2019_1297_1387,0.64
2019_1297_1388,0.2189633934179608
2019_1297_1393,0.15901496608280635
2019_1297_1396,0.64
2019_1297_1397,0.04216610891418962
2019_1297_1403,0.06320521138493299
2019_1297_1414,0.64
2019_1297_1416,0.20901308344701336
2019_1297_1429,0.1873863764947406
2019_1297_1433,0.2080812981210597
2019_1297_1436,0.64
2019_1297_1437,0.13106150966896254
2019_1297_1438,0.021187956670091542
2019_1297_1439,0.07459973161796182
2019_1297_1449,0.2205064636234136
2019_1297_1458,0.0923579731209024
2019_1297_1459,0.15875406367998854
2019_1297_1463,0.64
2019_1300_1305,0.0095161074704839
2019_1300_1308,0.02955376921023068
2019_1300_1314,0.0021765987592958615
2019_1300_1318,0.06173332280668844
2019_1300_1326,0.01688811038971537
2019_1300_1328,0.013626384317187178
2019_1300_1330,0.042875422404324716
2019_1300_1332,0.020192059929662037
2019_1300_1341,0.64
2019_1300_1345,0.005183029194571607
2019_1300_1371,0.018703944082046217
2019_1300_1385,0.023989749074634036
2019_1300_1387,0.051574376174921464
2019_1300_1388,0.018072862258817296
2019_1300_1393,0.013817038162747059
2019_1300_1396,0.026002924680346144
2019_1300_1397,0.0027615747136674725
2019_1300_1403,0.004156674812924947
2019_1300_1414,0.0383491936444423
2019_1300_1416,0.016549752379945222
2019_1300_1429,0.014108480544119912
2019_1300_1433,0.01686656676210005
2019_1300_1436,0.04197535106656194
2019_1300_1437,0.010524412123785685
2019_1300_1438,0.0012392724008707602
2019_1300_1439,0.005386902578645965
2019_1300_1449,0.018284460577680937
2019_1300_1458,0.006464358725530603
2019_1300_1459,0.012382709223190269
2019_1300_1463,0.0517615220790716
2019_1305_1308,0.64
2019_1305_1314,0.1893587130094028
2019_1305_1318,0.8824963894088964
2019_1305_1326,0.64
2019_1305_1328,0.64
2019_1305_1330,0.8048097229077082
2019_1305_1332,0.64
2019_1305_1341,0.9715944099945716
2019_1305_1345,0.64
2019_1305_1371,0.64
2019_1305_1385,0.64
2019_1305_1387,0.844332789494415
2019_1305_1388,0.64
2019_1305_1393,0.64
2019_1305_1396,0.64
2019_1305_1397,0.22363516374709236
2019_1305_1403,0.64
2019_1305_1414,0.8060198456680682
2019_1305_1416,0.64
2019_1305_1429,0.64
2019_1305_1433,0.64
2019_1305_1436,0.8264035949656078
2019_1305_1437,0.64
2019_1305_1438,0.11225813637876622
2019_1305_1439,0.64
2019_1305_1449,0.64
2019_1305_1458,0.64
2019_1305_1459,0.64
2019_1305_1463,0.8603035410422526
2019_1308_1314,0.0764541405929748
2019_1308_1318,0.64
2019_1308_1326,0.64
2019_1308_1328,0.64
2019_1308_1330,0.64
2019_1308_1332,0.64
2019_1308_1341,0.9192758963664374
2019_1308_1345,0.15392256525496906
2019_1308_1371,0.64
2019_1308_1385,0.64
2019_1308_1387,0.64
2019_1308_1388,0.64
2019_1308_1393,0.64
2019_1308_1396,0.64
2019_1308_1397,0.08200357410503105
2019_1308_1403,0.09971050719358247
2019_1308_1414,0.64
2019_1308_1416,0.64
2019_1308_1429,0.64
2019_1308_1433,0.64
2019_1308_1436,0.64
2019_1308_1437,0.64
2019_1308_1438,0.02997258230529147
2019_1308_1439,0.1504755761458707
2019_1308_1449,0.64
2019_1308_1458,0.16291030798128622
2019_1308_1459,0.64
2019_1308_1463,0.64
2019_1314_1318,0.9613176484692064
2019_1314_1326,0.8561957987343578
2019_1314_1328,0.8413794698313446
2019_1314_1330,0.964424513324941
2019_1314_1332,0.9105191901235964
2019_1314_1341,0.9946166422442612
2019_1314_1345,0.64
2019_1314_1371,0.9047115980761379
2019_1314_1385,0.9284856290798909
2019_1314_1387,0.9564445475224956
2019_1314_1388,0.896720766699647
2019_1314_1393,0.8321706039030343
2019_1314_1396,0.9328408860215088
2019_1314_1397,0.64
2019_1314_1403,0.64
2019_1314_1414,0.9532847932746032
2019_1314_1416,0.8981962262585512
2019_1314_1429,0.8911383347603188
2019_1314_1433,0.8838592799988378
2019_1314_1436,0.9520542285013196
2019_1314_1437,0.8219972919795915
2019_1314_1438,0.64
2019_1314_1439,0.64
2019_1314_1449,0.8884169464666387
2019_1314_1458,0.64
2019_1314_1459,0.8571780720577159
2019_1314_1463,0.9583884944400232
2019_1318_1326,0.17666781347285102
2019_1318_1328,0.1621080130299492
2019_1318_1330,0.64
2019_1318_1332,0.2125741602100507
2019_1318_1341,0.8694679232944773
2019_1318_1345,0.0710937196354545
2019_1318_1371,0.64
2019_1318_1385,0.64
2019_1318_1387,0.64
2019_1318_1388,0.19203223005893127
2019_1318_1393,0.14594110027266086
2019_1318_1396,0.64
2019_1318_1397,0.04792887411853497
2019_1318_1403,0.0455186563632934
2019_1318_1414,0.64
2019_1318_1416,0.18678037842481005
2019_1318_1429,0.19068652149742688
2019_1318_1433,0.1626290483475843
2019_1318_1436,0.64
2019_1318_1437,0.13343009649359272
2019_1318_1438,0.01142694476212634
2019_1318_1439,0.059877969645598286
2019_1318_1449,0.19763973221186265
2019_1318_1458,0.06900080747106188
2019_1318_1459,0.16233117767863553
2019_1318_1463,0.64
2019_1326_1328,0.64
2019_1326_1330,0.64
2019_1326_1332,0.64
2019_1326_1341,0.9593392343001086
2019_1326_1345,0.64
2019_1326_1371,0.64
2019_1326_1385,0.64
2019_1326_1387,0.64
2019_1326_1388,0.64
2019_1326_1393,0.64
2019_1326_1396,0.64
2019_1326_1397,0.15125386684331665
2019_1326_1403,0.1397972274978489
2019_1326_1414,0.64
2019_1326_1416,0.64
2019_1326_1429,0.64
2019_1326_1433,0.64
2019_1326_1436,0.64
2019_1326_1437,0.64
2019_1326_1438,0.04316090043681127
2019_1326_1439,0.20953234402239912
2019_1326_1449,0.64
2019_1326_1458,0.64
2019_1326_1459,0.64
2019_1326_1463,0.8129321936348561
2019_1328_1330,0.64
2019_1328_1332,0.64
2019_1328_1341,0.96862083942754
2019_1328_1345,0.64
2019_1328_1371,0.64
2019_1328_1385,0.64
2019_1328_1387,0.7700511329652995
2019_1328_1388,0.64
2019_1328_1393,0.64
2019_1328_1396,0.64
2019_1328_1397,0.1804822716207249
2019_1328_1403,0.18980632575300815
2019_1328_1414,0.64
2019_1328_1416,0.64
2019_1328_1429,0.64
2019_1328_1433,0.64
2019_1328_1436,0.64
2019_1328_1437,0.64
2019_1328_1438,0.05878677894707949
2019_1328_1439,0.64
2019_1328_1449,0.64
2019_1328_1458,0.64
2019_1328_1459,0.64
2019_1328_1463,0.8312974238370923
2019_1330_1332,0.64
2019_1330_1341,0.8158526764344326
2019_1330_1345,0.11164934431382424
2019_1330_1371,0.64
2019_1330_1385,0.64
2019_1330_1387,0.64
2019_1330_1388,0.64
2019_1330_1393,0.64
2019_1330_1396,0.64
2019_1330_1397,0.04445754312374477
2019_1330_1403,0.11030414295772414
2019_1330_1414,0.64
2019_1330_1416,0.64
2019_1330_1429,0.1939545647267939
2019_1330_1433,0.64
2019_1330_1436,0.64
2019_1330_1437,0.20308533972052634
2019_1330_1438,0.04872440275980836
2019_1330_1439,0.15586407787856038
2019_1330_1449,0.64
2019_1330_1458,0.17309982615380315
2019_1330_1459,0.21674896927723591
2019_1330_1463,0.64
2019_1332_1341,0.92628375828445
2019_1332_1345,0.22853167646277014
2019_1332_1371,0.64
2019_1332_1385,0.64
2019_1332_1387,0.64
2019_1332_1388,0.64
2019_1332_1393,0.64
2019_1332_1396,0.64
2019_1332_1397,0.10649167040819828
2019_1332_1403,0.1929455146641878
2019_1332_1414,0.64
2019_1332_1416,0.64
2019_1332_1429,0.64
2019_1332_1433,0.64
2019_1332_1436,0.64
2019_1332_1437,0.64
2019_1332_1438,0.08481878100238045
2019_1332_1439,0.64
2019_1332_1449,0.64
2019_1332_1458,0.64
2019_1332_1459,0.64
2019_1332_1463,0.64
2019_1341_1345,0.015601144204191363
2019_1341_1371,0.05087688605464863
2019_1341_1385,0.0620525016266958
2019_1341_1387,0.14931357255192745
2019_1341_1388,0.06070114601901564
2019_1341_1393,0.03419197244505494
2019_1341_1396,0.0720420525664265
2019_1341_1397,0.009325129144444331
2019_1341_1403,0.017663272190563618
2019_1341_1414,0.12964545988056175
2019_1341_1416,0.06320873781553124
2019_1341_1429,0.04977320304320576
2019_1341_1433,0.05677796683336948
2019_1341_1436,0.1337620918648873
2019_1341_1437,0.02974162588229885
2019_1341_1438,0.006376664470837558
2019_1341_1439,0.01772931264228953
2019_1341_1449,0.05584377830626356
2019_1341_1458,0.023629203994826417
2019_1341_1459,0.03771547375897121
2019_1341_1463,0.1094794295062662
2019_1345_1371,0.7796103755884976
2019_1345_1385,0.8206791358140071
2019_1345_1387,0.904556366176314
2019_1345_1388,0.64
2019_1345_1393,0.64
2019_1345_1396,0.8397364749645955
2019_1345_1397,0.64
2019_1345_1403,0.64
2019_1345_1414,0.8791025055123555
2019_1345_1416,0.64
2019_1345_1429,0.64
2019_1345_1433,0.64
2019_1345_1436,0.8875088523916577
2019_1345_1437,0.64
2019_1345_1438,0.1835794146251617
2019_1345_1439,0.64
2019_1345_1449,0.7740156119410604
2019_1345_1458,0.64
2019_1345_1459,0.64
2019_1345_1463,0.9132414137024064
2019_1371_1385,0.64
2019_1371_1387,0.64
2019_1371_1388,0.64
2019_1371_1393,0.64
2019_1371_1396,0.64
2019_1371_1397,0.14076024843427767
2019_1371_1403,0.20735616388536807
2019_1371_1414,0.64
2019_1371_1416,0.64
2019_1371_1429,0.64
2019_1371_1433,0.64
2019_1371_1436,0.64
2019_1371_1437,0.64
2019_1371_1438,0.07717192966443638
2019_1371_1439,0.2246731843105402
2019_1371_1449,0.64
2019_1371_1458,0.64
2019_1371_1459,0.64
2019_1371_1463,0.64
2019_1385_1387,0.64
2019_1385_1388,0.64
2019_1385_1393,0.64
2019_1385_1396,0.64
2019_1385_1397,0.12541667779667182
2019_1385_1403,0.20167054247708271
2019_1385_1414,0.64
2019_1385_1416,0.64
2019_1385_1429,0.64
2019_1385_1433,0.64
2019_1385_1436,0.64
2019_1385_1437,0.64
2019_1385_1438,0.07673998314654025
2019_1385_1439,0.1816707781661963
2019_1385_1449,0.64
2019_1385_1458,0.64
2019_1385_1459,0.64
2019_1385_1463,0.64
2019_1387_1388,0.64
2019_1387_1393,0.64
2019_1387_1396,0.64
2019_1387_1397,0.044668213438040505
2019_1387_1403,0.06466696103010745
2019_1387_1414,0.64
2019_1387_1416,0.21654898659290067
2019_1387_1429,0.18538312358940945
2019_1387_1433,0.64
2019_1387_1436,0.64
2019_1387_1437,0.17569549940542542
2019_1387_1438,0.022053506954968792
2019_1387_1439,0.10198895583086684
2019_1387_1449,0.64
2019_1387_1458,0.11300021085789465
2019_1387_1459,0.18673412111631887
2019_1387_1463,0.64
2019_1388_1393,0.64
2019_1388_1396,0.64
2019_1388_1397,0.11826487816868138
2019_1388_1403,0.18408302209938027
2019_1388_1414,0.64
2019_1388_1416,0.64
2019_1388_1429,0.64
2019_1388_1433,0.64
2019_1388_1436,0.64
2019_1388_1437,0.64
2019_1388_1438,0.07230692654124136
2019_1388_1439,0.64
2019_1388_1449,0.64
2019_1388_1458,0.64
2019_1388_1459,0.64
2019_1388_1463,0.64
2019_1393_1396,0.64
2019_1393_1397,0.17235719525114587
2019_1393_1403,0.1537667198000641
2019_1393_1414,0.64
2019_1393_1416,0.64
2019_1393_1429,0.64
2019_1393_1433,0.64
2019_1393_1436,0.64
2019_1393_1437,0.64
2019_1393_1438,0.04342680856918181
2019_1393_1439,0.2285389274995961
2019_1393_1449,0.64
2019_1393_1458,0.64
2019_1393_1459,0.64
2019_1393_1463,0.8483949797613726
2019_1396_1397,0.10010189819222433
2019_1396_1403,0.1577676942805936
2019_1396_1414,0.64
2019_1396_1416,0.64
2019_1396_1429,0.64
2019_1396_1433,0.64
2019_1396_1436,0.64
2019_1396_1437,0.64
2019_1396_1438,0.05639391598410207
2019_1396_1439,0.1716109191591802
2019_1396_1449,0.64
2019_1396_1458,0.20429528294177068
2019_1396_1459,0.64
2019_1396_1463,0.64
2019_1397_1403,0.64
2019_1397_1414,0.9439062854919692
2019_1397_1416,0.8720879534262991
2019_1397_1429,0.8473274853065713
2019_1397_1433,0.8788728645053681
2019_1397_1436,0.9481436910343854
2019_1397_1437,0.7915516843887564
2019_1397_1438,0.64
2019_1397_1439,0.64
2019_1397_1449,0.8802125506000058
2019_1397_1458,0.64
2019_1397_1459,0.8249080118831729
2019_1397_1463,0.9374612549701412
2019_1403_1414,0.8955581004053862
2019_1403_1416,0.64
2019_1403_1429,0.64
2019_1403_1433,0.8139067449249182
2019_1403_1436,0.922617746360902
2019_1403_1437,0.64
2019_1403_1438,0.64
2019_1403_1439,0.64
2019_1403_1449,0.8374949833011218
2019_1403_1458,0.64
2019_1403_1459,0.64
2019_1403_1463,0.9320703401651456
2019_1414_1416,0.64
2019_1414_1429,0.64
2019_1414_1433,0.64
2019_1414_1436,0.64
2019_1414_1437,0.2069147275242055
2019_1414_1438,0.03974363253413965
2019_1414_1439,0.14423921157005248
2019_1414_1449,0.64
2019_1414_1458,0.16158707306088466
2019_1414_1459,0.64
2019_1414_1463,0.64
2019_1416_1429,0.64
2019_1416_1433,0.64
2019_1416_1436,0.64
2019_1416_1437,0.64
2019_1416_1438,0.105521376883971
2019_1416_1439,0.64
2019_1416_1449,0.64
2019_1416_1458,0.64
2019_1416_1459,0.64
2019_1416_1463,0.64
2019_1429_1433,0.64
2019_1429_1436,0.8014744881235966
2019_1429_1437,0.64
2019_1429_1438,0.1366479013936878
2019_1429_1439,0.64
2019_1429_1449,0.64
2019_1429_1458,0.64
2019_1429_1459,0.64
2019_1429_1463,0.64
2019_1433_1436,0.64
2019_1433_1437,0.64
2019_1433_1438,0.07048832824802444
2019_1433_1439,0.64
2019_1433_1449,0.64
2019_1433_1458,0.64
2019_1433_1459,0.64
2019_1433_1463,0.7876771089567457
2019_1436_1437,0.19851761244091426
2019_1436_1438,0.0254555849333405
2019_1436_1439,0.11727104467035232
2019_1436_1449,0.64
2019_1436_1458,0.13195033848332646
2019_1436_1459,0.22426123234989867
2019_1436_1463,0.64
2019_1437_1438,0.0993920873196697
2019_1437_1439,0.64
2019_1437_1449,0.64
2019_1437_1458,0.64
2019_1437_1459,0.64
2019_1437_1463,0.8449831028386814
2019_1438_1439,0.8572924285242717
2019_1438_1449,0.9426775978754433
2019_1438_1458,0.8599308021593095
2019_1438_1459,0.8996490070444585
2019_1438_1463,0.9807075803577416
2019_1439_1449,0.7722392893212633
2019_1439_1458,0.64
2019_1439_1459,0.64
2019_1439_1463,0.9246510702066252
2019_1449_1458,0.64
2019_1449_1459,0.64
2019_1449_1463,0.7774073486451445
2019_1458_1459,0.64
2019_1458_1463,0.9095267884502782
2019_1459_1463,0.8068274102675185
